Company,Date,Amount,Currency,Instrument,Round,Round date,Raised,Pre,Cap,Discount,Vehicle,Current value,Mark date
Pixxel,2023-03-15,50000,USD,Priced,Seed,2023-03-15,5000000,20000000,,,Fund I,120000,2025-12-31
Ohmium,2022-06-01,100000,USD,Post-money SAFE,,,,,8000000,20%,Fund I,,
Sarvam,2024-01-10,250000,USD,Priced,Series A,2024-01-10,41000000,100000000,,,Fund I,400000,2025-12-31
Kalpa,2021-11-20,25000,USD,Pre-money SAFE,,,,,6000000,,Angel,,
Agnikul,2022-09-05,75000,USD,CCD,Pre-Series A,2022-09-05,,,,,Fund I,90000,2025-06-30
Zepto,2021-07-01,40000,USD,Priced,Seed,2021-07-01,3000000,12000000,,,Angel,300000,2025-12-31
Sakana AI,2024-02-01,7500000,JPY,Priced,Seed,2024-02-01,4500000000,18000000000,,,Fund I,12000000,2025-12-31
Zepto,2023-02-01,20000,USD,Priced,Series C,2023-02-01,,,,,Angel,,
Sarwa,2022-04-10,180000,AED,Post-money SAFE,,,,,30000000,,Angel,250000,2025-12-31
Log9,2020-12-01,15000,USD,Priced,Seed,2020-12-01,2000000,8000000,,,Angel,0,2025-12-31
Bluesky Analytics,2023-10-30,10000,USD,Priced,Pre-Seed,2023-10-30,1000000,4000000,,,Angel,,
Exponent,2024-03-03,45000,USD,Priced,Seed,2024-03-03,6000000,24000000,,,Fund I,60000,2025-12-31
